NZDep2018,area
2,Abbey Caves-Glenbervie
4,Abbotsford
2,Acacia Bay
7,Addington East
6,Addington North
8,Addington West
9,Ahipara
5,Ahuriri
2,Aidanfield
4,Aka Aka
4,Akaroa
4,Akaroa Harbour
2,Akatarawa
8,Akina Park
7,Akoranga
7,Albany Central
4,Albany Heights
4,Albany South
4,Albany West
1,Albert Town
5,Aldinga
5,Alexandra North
4,Alexandra South
4,Alfriston
3,Algies Bay-Scotts Landing
5,Alicetown-Melling
8,Allandale
5,Allenton East
3,Allenton North
6,Allenton South
6,Amberley
5,Amuri
3,Andersons Bay
1,Aniseed Valley
2,Anselmi Ridge
6,Antipodes Islands
6,Anzac Avenue
2,Aokautere
2,Aokautere Rural
4,Aongatete
4,Aorangi Forest
9,Aorere Central
10,Aorere North
9,Aorere South
2,Aotea
4,Appleby
6,Arahiwi
4,Arahura-Kumara
8,Arakura
10,Aranui
2,Ararimu
5,Arataki North
6,Arataki South
5,Ardmore
8,Aria
4,Army Bay
7,Aro Valley
2,Arrowtown
7,Arthur Street
1,Arthurs Point
3,Arundel
8,Ascot Park
8,Ashburton Central
8,Ashburton East
3,Ashburton Forks
3,Ashburton Lakes
2,Ashburton North
6,Ashburton West
5,Ashgrove
5,Ashhurst
3,Ashley Forest
4,Ashley Gorge
3,Ashley-Sefton
4,Atawhai
5,Athenree
9,Auckland Airport
6,Auckland Islands
8,Auckland-University
8,Aurora
8,Avalon East
6,Avalon West
7,Avenal
4,Aviemore
7,Avondale (Christchurch)
8,Avondale Central (Auckland)
6,Avondale North (Auckland)
7,Avondale Rosebank (Auckland)
7,Avondale South (Auckland)
8,Avondale West (Auckland)
5,Avonhead East
3,Avonhead North
4,Avonhead South
3,Avonhead West
8,Avonside
5,Awahuri
8,Awapuni North (Palmerston North)
5,Awapuni South (Palmerston North)
5,Awarua Plains
3,Awaruku
5,Awatea North
3,Awatea South
5,Awatere
6,Awhitu
10,Bader
4,Balcairn
6,Balclutha North
6,Balclutha South
10,Balgownie
5,Balmoral
3,Banks Peninsula South
4,Bankside
6,Bare Island
9,Barrier Islands
7,Barrytown
5,Bastia-Durie Hill
10,Bathgate Park
4,Baverstock
3,Bay View
9,Baypark-Kairua
6,Bays Waiheke Island
5,Bayswater
5,Bayview East
4,Bayview South
5,Bayview West
7,Beach Haven East
3,Beach Haven South
4,Beach Haven West
2,Beckenham
5,Beerescourt
7,Belfast East
4,Belfast West
4,Bell Block East
6,Bell Block West
4,Belleknowes
6,Bellevue
4,Belmont (Auckland)
2,Belmont (Lower Hutt)
3,Belmont Park
6,Ben Cooper Park
7,Ben McLeod
5,Benhar-Stirling
6,Berhampore
3,Bethlehem Central
3,Bethlehem North
2,Bethlehem South
9,Bexley
4,Birchville-Brown Owl
4,Bird Area
5,Birdwood West
5,Birkdale North
5,Birkdale South
4,Birkenhead North
2,Birkenhead South
3,Birkenhead West
4,Bishopdale North
6,Bishopdale South
5,Bishopdale West
7,Blagdon-Lynmouth
8,Blaketown
5,Bledisloe Park
8,Blenheim Central
5,Blockhouse Bay East
6,Blockhouse Bay North
5,Blockhouse Bay North East
5,Blockhouse Bay South
8,Bluff
4,Bluff Hill
3,Bombay Hills
6,Botany Central
4,Botany Downs East
3,Botany Downs West
3,Botany East
8,Botany Junction
2,Botany North
4,Botany South
4,Boulcott
6,Bounty Islands
6,Bream Bay
4,Bream Head
4,Brentwood (Taupo)
7,Brentwood (Upper Hutt)
6,Bridge Pa
5,Brighton
3,Brightwater
5,Britannia
4,Broad Bay-Portobello
6,Broadgreen-Monaco
3,Broadmeadows
8,Brockville
2,Broken Run
10,Bromley North
8,Bromley South
6,Brookfield East
7,Brookfield West
6,Brookhaven-Ferrymead
3,Brooklands-Spencerville
3,Brooklyn East
2,Brooklyn North
4,Brooklyn South
2,Brookvale
7,Broomfield
4,Browns Bay Central
3,Browns Bay South East
4,Browns Bay South West
5,Bruce
3,Brunswick-Papaiti
6,Bryndwr North
6,Bryndwr South
4,Buckland
5,Bucklands Beach Central
4,Bucklands Beach North
5,Bucklands Beach South
5,Bucklands Crossing
9,Buller Coalfields
7,Bulls
10,Burbank
5,Burnham Camp
5,Burnside
4,Burnside Park
5,Burswood
5,Burwood
7,Bush Inn
5,Bush Road
3,Cairnbrae
8,Calton Hill
9,Camberley
2,Camborne
7,Cambridge Central
5,Cambridge East
1,Cambridge North
3,Cambridge Park-River Garden
5,Cambridge West
8,Cameron and Soldiers Park
6,Campbell Island
1,Campbells Bay
8,Campus North
9,Campus South
8,Campus West
10,Cannons Creek East
10,Cannons Creek North
10,Cannons Creek South
8,Cape Egmont
3,Cape Hill
5,Cape Rodney
10,Cape Runaway
1,Cardrona
6,Carterton North
6,Carterton South
4,Casebrook
2,Cashmere East
2,Cashmere West
10,Castlecliff East
9,Castlecliff West
2,Castor Bay
5,Catlins
9,Caversham
10,Centennial Crescent
8,Chapel Downs
2,Charing Cross
6,Charleston (Buller District)
8,Charleston (Christchurch)
9,Chartwell
8,Chatham Islands
3,Chatswood
5,Chedworth
2,Cheltenham
5,Chertsey
7,Christchurch Airport
6,Christchurch Central
7,Christchurch Central-East
6,Christchurch Central-North
7,Christchurch Central-South
5,Christchurch Central-West
1,Churton Park North
2,Churton Park South
4,Clarks Beach
2,Clarkville
8,Claudelands
1,Clearwater
10,Clendon Park East
10,Clendon Park North
9,Clendon Park West
2,Clevedon
9,Clifton
2,Clifton Hill
6,Clinton
5,Clive
6,Clouston Park
10,Clover Park North
8,Clover Park South
6,Cloverlea (Palmerston North)
4,Cloverlea (Pukekohe)
4,Clutha Valley
3,Clyde
5,Coastlands
2,Coatesville
9,Cobden
2,Cockle Bay
8,College Estate
8,Colville
7,Concord
8,Conifer Grove East
2,Conifer Grove West
3,Cooks Beach-Ferry Landing
10,Cornmarket
7,Cornwall Park
8,Coromandel
8,Corstorphine
4,Courtenay
5,Craigieburn
9,Crawshaw
10,Crinan
2,Crofton Downs
4,Cromwell East
4,Cromwell West
2,Daelyn
5,Dairy Flat North
3,Dairy Flat South
3,Dairy Flat West
7,Dallington
4,Dannemora North
3,Dannemora South
9,Dannevirke East
8,Dannevirke West
5,Danseys Pass
3,Darfield
9,Dargaville
3,Deans Bush
8,Deanwell
8,Delaney
2,Devonport
2,Diamond Harbour
7,Dingwall
7,Dinsdale North
6,Dinsdale South
6,Dixon Street
8,Dobson
4,Dome Valley-Matakana
5,Doncaster
6,Donegal Park
8,Donnelly Park
4,Donovan Park
7,Douglas
7,Douglas Park
6,Drury
4,Drury Rural
8,Dunedin Central
2,Dunstan-Galloway
4,Ealing-Lowcliffe
2,Earnscleugh
5,Easby Park
10,East Cape
8,East Gore
2,East Taieri
5,East Tamaki
2,East Tamaki Heights
2,Eastbourne
3,Eastern Bays (Banks Peninsula)
2,Eastern Bays (Lower Hutt)
4,Eastern Beach
7,Ebdentown
4,Eden Park
5,Eden Terrace
5,Eden Valley
4,Edendale-Woodlands
8,Edgecumbe
7,Edgeware
4,Egmont Showgrounds
3,Eiffelton
6,Elderslea
9,Elgin
8,Elizabeth Park
4,Ellerslie Central
4,Ellerslie East
3,Ellerslie South
4,Ellerslie West
9,Elsdon-Takapuwahia
9,Eltham
1,Endeavour
10,Enderley North
9,Enderley South
4,Enner Glynn
7,Ensors
5,Epsom Central-North
4,Epsom Central-South
4,Epsom East
5,Epsom North
3,Epsom South
6,Epuni East
6,Epuni West
7,Esplanade
3,Eureka-Tauwhare
3,Evans Bay
4,Everett Park
2,Eyrewell
2,Fairfield (Dunedin)
9,Fairfield (Hamilton)
7,Fairfield (Levin)
4,Fairlie
3,Fairose
4,Fairview
7,Fairview Downs
5,Fairview Heights
8,Fairy Springs
3,Farm Cove
9,Favona East
9,Favona North
9,Favona West
7,Featherston
9,Feilding Central
3,Fencourt
2,Fendalton
9,Fenton Park
10,Ferguson
2,Ferndale
8,Fernhill (Dunedin)
2,Fernside
6,Fiordland
5,Fitzroy (Hamilton)
5,Fitzroy-Glen Avon
4,Flagstaff East
2,Flagstaff North
1,Flagstaff South
10,Flaxmere Park
10,Flaxmere South
10,Flaxmere West
8,Forbury
10,Fordlands
6,Forest Lake (Hamilton)
4,Forest Lakes (Kapiti Coast District)
4,Forrest Hill East
5,Forrest Hill North
5,Forrest Hill West
7,Foxton Beach
9,Foxton North
9,Foxton South
5,Frankleigh Park
4,Frankton
3,Frankton Arm
9,Frankton Junction (Hamilton)
5,Fraser Park
6,Fraser Street
8,Frasertown-Ruakituri
4,Freemans Bay
5,Frimley
7,Fruitvale
9,Galatea
9,Gardens (Dunedin)
8,Gate Pa
8,Georgetown
6,Geraldine
8,Gisborne Central
3,Gladstone (Carterton District)
3,Gladstone (Invercargill)
4,Glamorgan
7,Glen Eden Central
8,Glen Eden North
7,Glen Eden Rosier
7,Glen Eden West
6,Glen Eden Woodglen
9,Glen Innes East-Wai O Taiki Bay
8,Glen Innes West
8,Glen Warren
8,Glenavon
4,Glenbrook
8,Glendale
7,Glendene North
7,Glendene South
2,Glendowie North
4,Glendowie South
5,Glenfield Central
7,Glenfield East
5,Glenfield North
5,Glenfield South West
6,Glenfield West
8,Glengarry
9,Glenholme North
6,Glenholme South
2,Gleniti North
3,Gleniti South
4,Glenleith
3,Glenorchy
4,Glenroy-Hororata
5,Glentunnel
7,Glenview
5,Glenwood
6,Golden Bay/Mohua
5,Golden Downs
7,Golden Springs
4,Golflands
9,Gonville North
8,Gonville South
10,Gonville West
8,Goodfellow Park
5,Goodwood Heights
8,Gore Central
6,Gore Main
4,Gore North
7,Gore South
5,Gore West
1,Governors Bay
7,Gracefield
6,Grafton
8,Grampians
6,Granfield Reserve
9,Grange
5,Green Bay North
4,Green Bay South
6,Green Island
2,Greenhithe East
2,Greenhithe South
1,Greenhithe West
4,Greenlane North
5,Greenlane South
4,Greenmeadows Central
6,Greenmeadows South
2,Greenmeadows West
9,Greensboro
8,Greerton North
8,Greerton South
3,Grenada North
2,Grenada Village
3,Grey Lynn Central
3,Grey Lynn East
4,Grey Lynn North
5,Grey Lynn West
7,Greymouth Central
5,Greymouth Rural
3,Greytown
2,Grove Bush
2,Gulf Harbour North
3,Gulf Harbour South
6,Gulf Islands
7,Haast
2,Hadlow
6,Hagley Park
7,Hairini
4,Hakataramea
5,Half Moon Bay North East
6,Half Moon Bay South East
3,Half Moon Bay West
6,Halfway Bush
2,Halkett
2,Halswell North
3,Halswell South
2,Halswell West
8,Hamilton Central
7,Hamilton East
8,Hamilton East Cook
8,Hamilton East Village
7,Hamilton Estate
6,Hamilton Lake
4,Hamilton Park
8,Hamilton West
8,Hampstead
2,Hamurana
6,Hangaroa
7,Hangatiki
2,Hanmer Range
4,Hanmer Springs
10,Harania North
10,Harania South
10,Harbourside
2,Harewood
4,Hargest
7,Haruru
9,Hastings Central
3,Hataitai North
4,Hataitai South
3,Hatfields Beach
5,Haumoana-Te Awanga
3,Hauraki
6,Hauraki Plains East
7,Hauraki Plains North
8,Hauraki Plains South
5,Hautapu
3,Hautapu Rural
1,Havelock Hills
6,Havelock North-Central
9,Hawera Central
5,Hawthornden
3,Heathcote Valley
4,Hedgehope
7,Hei Hei
3,Helensburgh
6,Helensville
3,Helensville Rural
9,Henderson Central
8,Henderson East
9,Henderson Larnoch
8,Henderson Lincoln East
7,Henderson Lincoln South
9,Henderson Lincoln West
7,Henderson North
8,Henderson North East
3,Henderson Valley
8,Henderson Valley Park
7,Herangi
9,Herekino-Takahue
5,Heretaunga
2,Hereworth
2,Herne Bay
3,Hexton
9,Highbury East
4,Highfield North
4,Highfield South
5,Highland Park (Auckland)
2,Highlands Park (New Plymouth)
6,Hikuai
9,Hikurangi
7,Hillcrest (Rotorua)
4,Hillcrest East (Auckland)
8,Hillcrest East (Hamilton)
6,Hillcrest North (Auckland)
4,Hillcrest West (Auckland)
7,Hillcrest West (Hamilton)
5,Hillmorton
6,Hillpark North
7,Hillpark South
3,Hillsborough (Christchurch)
5,Hillsborough East (Auckland)
6,Hillsborough North (Auckland)
3,Hillsborough South (Auckland)
5,Hillsborough West (Auckland)
10,Hillside-Portsmouth Drive
6,Hilltop (Auckland)
5,Hilltop (Taupo)
2,Hingaia
4,Hinuera
8,Hobson Ridge Central
6,Hobson Ridge North
8,Hobson Ridge South
4,Hobsonville
2,Hobsonville Point
10,Hokianga North
10,Hokianga South
7,Hokitika
4,Hokitika Rural
6,Hokitika Valley-Otira
4,Hokowhitu Central
4,Hokowhitu East
6,Hokowhitu South
8,Holdens Bay-Rotokawa
5,Holmes Hill
1,Holmwood
9,Homai East
10,Homai West
3,Homebush-Te Ore Ore
7,Homedale East
7,Homedale West
6,Honikiwi
4,Hoon Hay East
3,Hoon Hay South
8,Hoon Hay West
4,Hope
8,Hornby Central
7,Hornby South
6,Hornby West
6,Horotiu
2,Horsham Downs
4,Hospital Hill
4,Houghton Bay
4,Howick Central
5,Howick East
4,Howick West
2,Huntington
5,Huntington Park
9,Huntly East
7,Huntly Rural
10,Huntly West
2,Huntsbury
2,Hunua
4,Hurdon
5,Hutt Central-North
3,Hutt Central-South
5,Ilam North
5,Ilam South
7,Ilam University
8,Inangahua
6,Inglewood
6,Inland water Lake Ellesmere/Te Waihora North
6,Inland water Lake Ellesmere/Te Waihora South
6,Inland water Lake Hauroko
6,Inland water Lake Hawea
6,Inland water Lake Manapouri
6,Inland water Lake Ohau
6,Inland water Lake Pukaki
6,Inland water Lake Rotorua
6,Inland water Lake Taupo
6,Inland water Lake Te Anau
6,Inland water Lake Tekapo
6,Inland water Lake Waikaremoana
6,Inland water Lake Wairarapa
6,Inland water Lake Wakatipu
6,Inland water Lake Wanaka
6,Inlet Akaroa Harbour
6,Inlet Bluff Harbour
6,Inlet Catlins
6,Inlet Doubtless Bay
6,Inlet Kaipara Harbour North
6,Inlet Kaipara Harbour South
6,Inlet Mangawhai Harbour
6,Inlet Manukau Harbour
6,Inlet Napier City
6,Inlet New River Estuary
6,Inlet Ohiwa Harbour East
6,Inlet Ohiwa Harbour West
6,Inlet Otago Harbour
6,Inlet Porirua Harbour
6,Inlet Port Lyttelton
6,Inlet Port Napier
6,Inlet Port Oamaru
6,Inlet Port Taranaki
6,Inlet Port Timaru
6,Inlet Tauranga Harbour North
6,Inlet Tauranga Harbour South
6,Inlet Waimea West
6,Inlet Wairau River
6,Inlet Waitemata Harbour
6,Inlet Waitomo District
6,Inlet Wellington Harbour
6,Inlet Whangarei Harbour
6,Inlets Buller District
8,Inlets Far North District
6,Inlets Fiordland
6,Inlets Golden Bay
6,Inlets Maketu
6,Inlets Motueka
8,Inlets Nelson City
6,Inlets Otorohanga District
6,Inlets Thames-Coromandel District
6,Inlets Waikato District
6,Inlets Waikato Region
6,Inlets Westland District
6,Inlets other Auckland
6,Inlets other Christchurch City
6,Inlets other Dunedin City
6,Inlets other Southland District
6,Inlets other Whangarei District
9,Invercargill Central
3,Iona
5,Irongate
3,Irwell
3,Island Bay East
3,Island Bay West
6,Islands Bay of Plenty Region
6,Islands Thames-Coromandel District
6,Islands Waimea Inlet
7,Islington
8,Islington-Hornby Industrial
1,Jacks Point
3,Jellie Park
6,Johnsonville Central
4,Johnsonville North
5,Johnsonville South
3,Johnsonville West
7,Judea
10,Kaeo
9,Kahikatea
4,Kahuranaki
5,Kahutara
7,Kaiapoi Central
8,Kaiapoi East
7,Kaiapoi North West
4,Kaiapoi South
6,Kaiapoi West
10,Kaikohe
5,Kaikorai-Bradford
6,Kaikoura
5,Kaikoura Ranges
4,Kaimai
6,Kaimanawa
5,Kaingaroa-Whakarewarewa
4,Kainui-Gordonton
3,Kaipaki
8,Kaipara Coastal
5,Kaipara Hills
10,Kaitaia East
10,Kaitaia West
5,Kaitake
8,Kaitangata-Matau
6,Kaitawa
5,Kaitemako (Tauranga)
5,Kaitemako (Western Bay of Plenty District)
5,Kaiteriteri-Riwaka
6,Kaiti North
10,Kaiti South
5,Kaitoke-Fordell
7,Kaiwaka
7,Kamo Central
8,Kamo East
6,Kamo West
6,Kapiti Island
8,Kaponga-Mangatoki
2,Karaka Bay-Worser Bay
3,Karaka Creek
2,Karaka Lakes
8,Karamea
6,Karamu
4,Karanema-St Hill
5,Karangahape
2,Karapiro
8,Karikari Peninsula
2,Karori East
2,Karori North
4,Karori Park
3,Karori South
4,Karoro
7,Katikati
4,Kauaeranga
3,Kauri
3,Kaurilands
3,Kauwhata
6,Kawaha
9,Kawakawa
5,Kawakawa Bay-Orere
7,Kawaroa
6,Kawerau Industrial
5,Kawiu North
8,Kawiu South
4,Kelburn
2,Kelson
8,Kelston North
9,Kelston South
2,Kelvin Grove North
7,Kelvin Grove West
2,Kelvin Heights
2,Kendallvale
4,Kenmure
1,Kennedys Bush
3,Kennington-Tisbury
8,Kensington (Timaru)
8,Kensington (Whangarei)
7,Kere Kere
8,Kerikeri Central
4,Kerikeri South
6,Kermadec Islands
5,Kew (Dunedin)
9,Kew (Invercargill)
1,Khandallah North
1,Khandallah Reserve
2,Khandallah South
7,Kihikihi Central
6,Kilbirnie Central
7,Kilbirnie East
6,Kimberley
6,Kimbolton North
6,Kimbolton South
8,Kimbolton West
9,King Edward Park
8,King Park
3,Kingsbury
3,Kingseat-Karaka
5,Kingsland
3,Kingston
4,Kingston-Mornington-Vogeltown
3,Kingsway
8,Kingswell
5,Kinleith
9,Kirikiriroa
5,Kiripaka
2,Kirwee
6,Kiwitea
2,Kohimarama
10,Kohukohu-Broadwood
4,Kokotau
3,Konini
4,Kopuaranga
3,Kopurererua
3,Korokoro
9,Koutu
10,Kuirau
4,Kumeu Rural East
4,Kumeu Rural West
2,Kumeu-Huapai
7,Kuripuni
2,Ladbrooks
3,Laingholm
10,Laird Park
6,Lake Brunner
3,Lake Cameron
3,Lake Hawea
1,Lake Hayes
1,Lake Hayes Estate
4,Lake Manuwai-Kapiro
2,Lake Ngaroto
7,Lake Taupo Bays
9,Lancaster Park
7,Lansdowne East
6,Lansdowne West
10,Leabank
6,Leamington Central
4,Leamington East
4,Leamington South
5,Leamington West
4,Leeston
5,Lepperton-Brixton
4,Levels
3,Levels Valley
10,Levin Central
7,Lilybrook
2,Lincoln East
4,Lincoln West
6,Linden
2,Lindis-Nevis Valleys
5,Linton Camp
8,Linwood East
8,Linwood North
9,Linwood West
2,Loburn
10,Lochain Park
2,Long Bay
4,Longlands-Pukahu
7,Longwood Forest
9,Lower Aramoho
6,Lower Moutere
7,Lower Vogeltown
2,Lower Wairau
4,Lower Waitaki
7,Lucknow
4,Lumsden-Balfour
5,Lyall Bay
5,Lyalldale
6,Lynfield North
4,Lynfield South
3,Lynmore
4,Lyttelton
3,Lytton
2,Macandrew Bay-Company Bay
3,Mackenzie Lakes
8,Maeroa
4,Maheno
9,Mahia
6,Mahora
6,Maihiihi
3,Mairangi Bay North
2,Mairangi Bay South
5,Mairehau North
5,Mairehau South
9,Mairtown
5,Maitai
6,Maitlands
4,Makahika
2,Makara-Ohariu
7,Makaraka-Awapuni
5,Makaretu
9,Maketu
5,Makikihi-Willowbridge
7,Makino
10,Makomako
3,Malvern
6,Mana Island
8,Manaia-Kapuni
5,Manawahe
2,Mandeville-Ohoka
7,Mangaiti
8,Mangakahia-Hukerenui
9,Mangakakahi Central
10,Mangakakahi West
5,Mangaonuku
3,Mangaoraka
6,Mangapapa East
8,Mangapapa North
8,Mangapapa South
5,Mangarara
2,Mangaroa
6,Mangatainoka
5,Mangatangi
2,Mangateretere
7,Mangawhai
6,Mangawhai Heads
5,Mangawhai Rural
6,Mangawhio
6,Mangere Bridge
5,Mangere Bridge Ambury
10,Mangere Central
8,Mangere East
10,Mangere Mascot
7,Mangere Mountain View
10,Mangere North
9,Mangere South
8,Mangere South East
10,Mangere West
3,Mangorei
4,Maniototo
5,Manly East
4,Manly West
5,Manor Park
3,Manuherikia-Ida Valleys
3,Manuka
8,Manukau Central
9,Manurewa Central
9,Manurewa East
10,Manurewa South
8,Manutahi-Waitotora
3,Maori Hill
7,Maoribank
2,Mapara
6,Mara
3,Maraekakaho
10,Maraenui
2,Maraetai
3,Maraetarata
7,Maramarua
3,Mararoa
8,Marchwiel East
8,Marchwiel West
10,Marewa East
7,Marewa West
9,Marfell
6,Marlborough Sounds Coastal Marine
4,Marlborough Sounds East
6,Marlborough Sounds West
9,Maromaku
8,Marotiri
5,Marsden
5,Marsden Bay
4,Marshland
5,Martinborough
7,Marton North
5,Marton Rural
9,Marton South
4,Marybank
5,Maryhill
8,Massey Central
8,Massey East
9,Massey Road North
9,Massey Road South
9,Massey Road West
7,Massey Royal Road West
7,Massey South
6,Massey West
9,Masterton Central
9,Matakana Island
6,Matamata North
6,Matamata South
9,Matapihi
4,Matapouri-Tutukaka
3,Matarau
10,Mataraua Forest
9,Matarawa
7,Matata-Otakiri
6,Matatoki-Puriri
9,Mataura
9,Matawaia-Taumarere
3,Matua North
5,Matua South
2,Maungakotukutuku
3,Maungaraki
7,Maungaru
9,Maungataniwha-Raupunga
4,Maungatapere
6,Maungatapu
3,Maungatautari
4,Maungati
6,Maungaturoto
3,Maungawhau
6,Maunu-Horahora
5,Maupuia
8,Mayfair
7,Mayfield
9,McJorrow Park
8,McLaren Park
7,McLean Park
5,McLeans Island
3,Meadowbank East
3,Meadowbank West
4,Meeanee-Awatoto
3,Mellons Bay
3,Melrose
8,Melville North
9,Melville South
5,Mercury Bay North
4,Mercury Bay South
4,Merivale
6,Merrilands
4,Methven
6,Middlemore
9,Middleton
2,Milford Central
5,Milford West
1,Millwater North
2,Millwater South
5,Milson North
6,Milson South
8,Milton
7,Milverton
3,Minden
6,Miramar Central
2,Miramar East
6,Miramar North
5,Miramar South
6,Miranda-Pukorokoro
6,Miranui
4,Miropiko
3,Mission Bay
4,Mission Heights North
3,Mission Heights South
8,Moananui
9,Moera
10,Moerewa
5,Mokai Patea
2,Mokorua Bush
3,Momona
4,Mona Vale
9,Monika Reserve
4,Morningside (Auckland)
9,Morningside (Whangarei)
6,Mornington
5,Morrinsville East
8,Morrinsville West
6,Morven-Glenavy-Ikawai
7,Mosgiel Central
4,Mosgiel East
5,Mossburn
3,Motiti
5,Motueka East
7,Motueka North
7,Motueka West
2,Motukarara
7,Moturoa
8,Moulson
4,Mount Albert Central
6,Mount Albert North
4,Mount Albert South
6,Mount Albert West
4,Mount Cargill
7,Mount Cook East
7,Mount Cook West
4,Mount Eden East
5,Mount Eden North
7,Mount Eden North East
3,Mount Eden South
3,Mount Eden West
3,Mount Holdsworth
7,Mount Maunganui Central
5,Mount Maunganui North
3,Mount Maunganui South
7,Mount Messenger
1,Mount Pleasant
8,Mount Roskill Central-North
10,Mount Roskill Central-South
7,Mount Roskill North
5,Mount Roskill South
6,Mount Roskill White Swan
6,Mount St John
1,Mount Taylor
4,Mount Victoria
7,Mount Wellington Central
8,Mount Wellington East
7,Mount Wellington Ferndale
6,Mount Wellington Industrial
5,Mount Wellington North East
6,Mount Wellington North West
10,Mount Wellington South East
8,Mount Wellington South West
6,Mount Wellington West
8,Mountview
3,Moutere Hills
3,Mowhanau
5,Murchison-Nelson Lakes
3,Muriwai
3,Muriwai Valley-Bethells Beach
2,Murrays Bay East
3,Murrays Bay West
10,Murupara
6,Musselburgh
1,Myross Bush
9,Naenae Central
9,Naenae North
9,Naenae South
9,Napier Central
3,Narrow Neck
6,National Park
9,Nawton East
7,Nawton West
7,Nayland
7,Nelson Airport
8,Nelson Central-Trafalgar
6,Nelson Creek
7,Nelson Park
3,Nelson Rural
7,Netherby
7,New Brighton
8,New Lynn Central
8,New Lynn Central-South
8,New Lynn North
7,New Lynn North West
8,New Lynn Seabrook
7,New Lynn South
8,New Plymouth Central
7,New Windsor North
7,New Windsor South
6,New Zealand Economic Zone
5,Newbury
6,Newfield
4,Newlands North
4,Newlands South
5,Newmarket
2,Newtons Road
6,Newtown North
7,Newtown South
6,Newtown West
3,Ngahinapouri
2,Ngaio North
2,Ngaio South
5,Ngakuru
6,Ngamatea
5,Ngapara
10,Ngapuhi
8,Ngapuke
10,Ngapuna
9,Ngaruawahia Central
9,Ngaruawahia North
8,Ngaruawahia South
6,Ngatea
7,Ngaumutawa
7,Ngongotaha East
7,Ngongotaha South
7,Ngongotaha Valley
6,Ngongotaha West
6,Ngunguru
6,Nireaha-Eketahuna
5,Normanby (Dunedin)
6,Normanby-Tawhiti
2,Normandale
6,Norsewood
6,North Beach
9,North Cape
8,North East Valley Chingford
8,North East Valley Knox
6,North Harbour
6,Northcote (Christchurch)
8,Northcote Central (Auckland)
2,Northcote Point (Auckland)
4,Northcote South (Auckland)
3,Northcote Tuff Crater
3,Northcross
4,Northland (Wellington)
5,Northlands (Christchurch)
3,Northpark North
3,Northpark South
2,Northwood
5,Nukuhau-Rangatira Park
5,Oaklands East
3,Oaklands West
2,Oaklands-St Kilda
5,Oakleigh-Mangapai
3,Oakura (New Plymouth District)
8,Oamaru Central
6,Oamaru Gardens
6,Oamaru North Milner Park
7,Oamaru North Orana Park
6,Oceanic Antipodes Islands
6,Oceanic Auckland Islands
6,Oceanic Auckland Region East
6,Oceanic Auckland Region West
6,Oceanic Bay of Plenty Region
6,Oceanic Bounty Islands
6,Oceanic Campbell Island
6,Oceanic Canterbury Region
6,Oceanic Chatham Islands
6,Oceanic Gisborne Region
6,Oceanic Hawke's Bay Region
6,Oceanic Kermadec Islands
6,Oceanic Manawatu-Wanganui Region East
6,Oceanic Manawatu-Wanganui Region West
6,Oceanic Marlborough Region
6,Oceanic Nelson Region
6,Oceanic Northland Region
6,Oceanic Oil Rig Southland
6,Oceanic Oil Rig Taranaki
6,Oceanic Otago Region
6,Oceanic Snares Islands
6,Oceanic Southland Region
6,Oceanic Taranaki Region
6,Oceanic Tasman Region
6,Oceanic Three Kings Islands
6,Oceanic Waikato Region East
6,Oceanic Waikato Region West
6,Oceanic Wellington Region
6,Oceanic West Coast Region
7,Ohaeawai-Waimate North
8,Ohai-Nightcaps
5,Ohakea-Sanson
7,Ohakune
4,Ohakuri
6,Ohangai
5,Ohau-Manakau
2,Ohauiti
4,Ohope
7,Okahukura Peninsula
6,Okaiawa
8,Okaihau
5,Okauia
2,Okuku
2,Okura Bush
6,Omahu Strip
7,Omahu-Pakowhai
10,Omahuta Forest-Horeke
6,Omaio
4,Omanu Beach
3,Omata
5,Omihi
3,Omokoroa
4,Omokoroa Rural
5,One Tree Hill
6,Onehunga Central
6,Onehunga North
5,Onehunga West
8,Onehunga-Te Papapa Industrial
6,Onekawa Central
10,Onekawa East
8,Onekawa South
7,Onekawa West
5,Onepoto
5,Onepu Spring
7,Onerahi
6,Onerahi Park
6,Oneroa East-Palm Beach
4,Oneroa West
5,Onetangi
5,Onewhero
2,Onslow
6,Opaheke
1,Opaki
4,Opawa
3,Opoho
10,Oponae
10,Opotiki
6,Opua (Far North District)
3,Opua (Mackenzie District)
9,Opunake
6,Orakei East
3,Orakei West
9,Oranga
2,Oratia
3,Oreti River
6,Orewa Central
3,Orewa North
5,Orewa South
3,Oriental Bay
6,Ormiston East
3,Ormiston North
3,Ormiston South
7,Oroua Downs
9,Oruru-Parapara
6,Ostend
5,Otago Peninsula
10,Otahuhu Central
9,Otahuhu East
6,Otahuhu Industrial
10,Otahuhu North
9,Otahuhu South
10,Otahuhu South West
3,Otaihanga
5,Otaika-Portland
7,Otairi
9,Otakaro-Avon River Corridor
8,Otaki
8,Otaki Beach
3,Otaki Forks
7,Otamatea (Kaipara District)
3,Otamatea (Whanganui)
10,Otangarei
7,Otangiwai-Ohura
10,Otara Central
10,Otara East
10,Otara South
10,Otara West
8,Otara-Tirohanga (Opotiki District)
2,Otatara
6,Otautau
4,Otawa
4,Oteha East
5,Oteha West
8,Otorohanga
5,Otumoetai North
4,Otumoetai South
10,Outer Kaiti
1,Outer Wakatipu
2,Outer Wanaka
6,Owairaka East
8,Owairaka West
6,Owhanga
7,Owhata East
7,Owhata West
3,Owhiro Bay
6,Oxford
3,Oxford Estate
4,Pacific View
5,Paekakariki
2,Paekakariki Hill
9,Paeroa
7,Paeroa Rural
8,Pahiatua
3,Pahoia
5,Pahurehure
7,Paihia
8,Pakaraka
6,Pakuranga Central
6,Pakuranga Heights East
6,Pakuranga Heights North West
6,Pakuranga Heights South West
7,Pakuranga West
6,Palm Beach North
3,Palm Beach South-Gravatt
7,Palmerston
2,Palmerston North Airport
10,Palmerston North Central
5,Palmerston North Hospital
7,Panmure East
8,Panmure Glen Innes Industrial
8,Panmure West
8,Papaioea North
8,Papaioea South
2,Papakowhai
9,Papakura Central
7,Papakura East
9,Papakura Industrial
10,Papakura Kelvin
9,Papakura Massey Park
8,Papakura North
8,Papakura North East
7,Papakura West
7,Papamoa Beach North
6,Papamoa Beach South
4,Papanui East
9,Papanui North
4,Papanui West
4,Paparangi
7,Paparua
5,Papatawa
8,Papatoetoe Central
8,Papatoetoe East
8,Papatoetoe North
8,Papatoetoe South
8,Papatoetoe South West
9,Papatoetoe West
2,Paraite
8,Parakai
8,Paraonui
4,Paraparaumu Beach East
5,Paraparaumu Beach North
6,Paraparaumu Beach West
7,Paraparaumu Central
7,Paraparaumu East
4,Paraparaumu North
3,Paremata
4,Paremoremo East
2,Paremoremo West
6,Parewanui
6,Park West
8,Parkdale
8,Parkhaven
6,Parklands
7,Parkside
6,Parkvale
6,Parnassus
3,Parnell East
4,Parnell West
3,Parua Bay
4,Pataua
10,Patea
3,Patumahoe
3,Pauanui
1,Pauatahanui
7,Peachgrove
4,Peacockes
3,Pegasus
6,Pegasus Bay
2,Peka Peka
7,Pekerau
6,Pembroke
4,Pencarrow
8,Penrose
10,Peria
5,Petone Central
5,Petone East
6,Petone Esplanade
9,Phillipstown
3,Piha
3,Pihautua
7,Pine Hill-Dalmore
2,Pinehaven
4,Pinehill (Auckland)
4,Pioneer West
3,Pipitea-Kaiwharawhara
7,Pirimai East
7,Pirimai West
3,Pirongia
9,Pirongia Forest
9,Playford Park
8,Pleasant Heights
5,Pleasant Point
3,Plimmerton
6,Poets Block
4,Pohangina-Apiti
6,Pohara-Abel Tasman
8,Poike
4,Point Chevalier East
3,Point Chevalier West
10,Point England
4,Pokeno
4,Pokeno Rural
5,Pokuru
5,Pomare
6,Pongakawa
4,Ponsonby East
4,Ponsonby West
2,Poraiti Flat
2,Poraiti Hills
9,Porirua Central
10,Porirua East
9,Porritt
6,Port Chalmers
2,Port Hills
6,Port Nelson
6,Port Taranaki
9,Port Waikato-Waikaretu
6,Port-Limeburners
3,Postgate
4,Poukawa
2,Poutoa
1,Prebbleton
2,Prestons
6,Prestonville-Grasmere
8,Puhinui East
8,Puhinui North
8,Puhinui South
3,Puhoi Valley
9,Pukehangi North
5,Pukehangi South
7,Pukehina Beach
4,Pukekawa
9,Pukekohe Central
6,Pukekohe Hospital
8,Pukekohe North West
8,Pukekohe West
4,Pukemoremore
2,Pukenui
3,Pukerimu
2,Pukerua Bay
3,Puketapu-Eskdale
4,Pukete East
6,Pukete West
5,Puketitiri-Tutira
5,Puketona-Waitangi
4,Puketotara
5,Puni
6,Puniu
9,Putararu
6,Putararu Rural
5,Putiki
3,Pyes Pa East
4,Pyes Pa North
2,Pyes Pa South
2,Pyes Pa West
1,Quail Rise
6,Quay Street-Customs Street
6,Queen Street
7,Queen Street South West
8,Queens Square
5,Queenspark
6,Queenstown Central
4,Queenstown East
6,Queenstown Hill
4,Queenwood (Hamilton)
9,Queenwood (Levin)
7,Raceway Park
9,Raetihi
7,Raglan
6,Rakaia
7,Ramanui
4,Ramarama
7,Randwick Park East
10,Randwick Park West
7,Rangataiki
9,Rangaunu Harbour
9,Rangiora Central
8,Rangiora North East
2,Rangiora North West
4,Rangiora South East
4,Rangiora South West
7,Rangiriri
6,Rangitane-Purerua
4,Rangitata
8,Rangitihi
6,Rangiuru
9,Ranui Domain
6,Ranui Heights (Porirua)
9,Ranui North
6,Ranui South East
7,Ranui South West
9,Raumanga
5,Raumati Beach East
4,Raumati Beach West
4,Raumati South
8,Raureka
4,Ravensbourne-St Leonards
8,Rawhiti (Christchurch)
3,Red Beach East
5,Red Beach West
7,Red Hill
4,Redcastle
2,Redcliffs
5,Redwood East
4,Redwood North
8,Redwood West
6,Redwoodtown East
6,Redwoodtown West
8,Reefton
2,Regents Park
4,Remuera Abbotts Park
2,Remuera East
2,Remuera North
4,Remuera South
2,Remuera Waiata
4,Remuera Waiatarua
2,Remuera Waitaramoa
3,Remuera West
3,Renwick
5,Resthill
5,Riccarton Central
5,Riccarton East
6,Riccarton Racecourse
7,Riccarton South
8,Riccarton West
6,Richmond (Invercargill)
8,Richmond Central
6,Richmond Downs-Wardville
5,Richmond Heights
6,Richmond North (Christchurch)
3,Richmond South
8,Richmond South (Christchurch)
8,Richmond West
6,Riverdale
3,Riverhead
6,Riverhead Forest
3,Riverlands
5,Riverlea
7,Riversdale-Islington
4,Riversdale-Piano Flat
6,Riverside
1,Riverstone Terraces
7,Riverton
4,Riverview
2,Rolleston Central
6,Rolleston Izone
1,Rolleston North East
2,Rolleston North West
2,Rolleston South East
1,Rolleston South West
10,Rongomai East
10,Rongomai West
8,Rongotai
5,Rooseville Park
6,Rosa Birch Park
6,Rosebank Peninsula
2,Rosedale
7,Rosehill
2,Roseneath (Wellington)
4,Roseneath-Sawyers Bay
4,Roslyn (Dunedin)
8,Roslyn (Palmerston North)
6,Ross Dependency
2,Rothesay Bay
7,Rotoiti-Rotoehu
2,Rotokauri (Waikato District)
2,Rotokauri-Waiwhakareke
6,Rotongata
5,Rotoorangi
9,Rotorua Central
3,Rototuna Central
5,Rototuna North
3,Rototuna South
9,Rowandale East
10,Rowandale West
6,Royal Heights North
7,Royal Heights South
2,Royal Oak (Palmerston North)
6,Royal Oak East (Auckland)
5,Royal Oak West (Auckland)
8,Royal Terrace
3,Ruahine
8,Ruakaka
6,Ruakura
6,Ruamahanga
10,Ruatoria-Raukumara
8,Ruawai-Matakohe
3,Ruby Bay-Mapua
8,Runanga
5,Russell
9,Russell Forest-Rawhiti
6,Russell Peninsula
3,Russley
4,Rutherford
3,Rutherglen-Camerons
2,Rutland
1,Saddle Hill-Chain Hills
4,Saint Andrews East
8,Saint Andrews West
2,Saint Heliers North
3,Saint Heliers South
2,Saint Heliers West
6,Saint Johns East
3,Saint Johns West
5,Saint Marys Bay
4,Sandon
7,Sandringham Central
6,Sandringham East
5,Sandringham North
5,Sandringham West
2,Sandspit
7,Saxton
3,Schnapper Rock
1,Seatoun
7,Seaview
8,Seddon Park
10,Selwyn Heights
9,Shannon
2,Shelly Park
3,Sherenden-Crownthorpe
8,Sherwin Park
8,Sherwood Rise
2,Shiel Hill
4,Shirley East
7,Shirley West
6,Shortland Street
1,Shotover Country
8,Silverdale (Hamilton)
8,Silverdale Central (Auckland)
3,Silverdale South (Auckland)
3,Silverstream (Kaiapoi)
3,Silverstream (Upper Hutt)
6,Snares Island
6,Snells Beach
6,Sockburn North
7,Sockburn South
7,Solway North
7,Solway South
4,Somerfield East
4,Somerfield West
3,Somerville
5,South Head
6,South Hill
5,South New Brighton
4,Southbridge
5,Southbrook
3,Southgate
3,Sovereign Palms
8,Spotswood
7,Spreydon North
6,Spreydon South
6,Spreydon West
5,Spring Creek-Grovetown
5,Springfield North
3,Springfield South
4,Springlands
2,Springston
6,Springvale East
2,Springvale North
6,Springvale West
6,St Albans East
6,St Albans North
5,St Albans West
3,St Clair
2,St James
5,St Johns Hill East
5,St Johns Hill West
7,St Kilda North
7,St Kilda South
2,St Leger
8,St Leonards
6,St Lukes
4,St Martins
10,Stanley Park
2,Stanley Point
6,Stanmore Bay East
5,Stanmore Bay West
2,Starvation Hill-Cust
4,Stewart Island
6,Stokes Valley Central
5,Stokes Valley North
2,Stonefields East
1,Stonefields West
4,Strandon
7,Stratford Central
7,Stratford North
9,Stratford South
5,Strath Taieri
9,Strathern
9,Strathmore (Tokoroa)
7,Strathmore (Wellington)
3,Strowan
6,Styx
4,Suffolk
4,Summerland North
4,Summerland South
2,Sumner
3,Sunkist Bay
7,Sunnybrook
5,Sunnyhills East
4,Sunnyhills West-Pakuranga North
5,Sunnynook North
5,Sunnynook South
7,Sunnyvale East
8,Sunnyvale West-Parrs Park
4,Sunshine Bay-Fernhill (Queenstown)
5,Surfdale
10,Sutton Park
2,Swannanoa-Eyreton
6,Swanson
3,Swanson Rural
9,Swarbrick
6,Sydenham Central
8,Sydenham North
6,Sydenham South
7,Sydenham West
6,Sylvia Park
8,Symonds Street East
9,Symonds Street North West
9,Symonds Street West
8,Taemaro-Oruaiti
8,Taharua
4,Tahawai
3,Tahuna Hills
6,Tahuna-Mangateparu
8,Tahunanui
6,Tahuroa
1,Tai Tapu
2,Taieri
8,Taihape
5,Taikorea
4,Tainui
6,Tairua
9,Taita North
9,Taita South
10,Taitoko
6,Takaka
5,Takaka Hills
5,Takanini Central
6,Takanini Industrial
9,Takanini North
4,Takanini South
8,Takanini South East
9,Takanini West
2,Takapu-Horokiwi
3,Takapuna Central
2,Takapuna South
5,Takapuna West
7,Takaro North
7,Takaro South
2,Tamahere North
2,Tamahere South
6,Tamakae
10,Tamaki
10,Tamarau
8,Tamatea East
8,Tamatea North
7,Tamatea West
6,Tangiwai
8,Tangonge
2,Taonui
4,Taradale Central
4,Taradale South
2,Taradale West
7,Tararua
6,Tararua Forest Park (Kapiti Coast)
6,Tarata
10,Tarawera Park
6,Tareha Reserve
10,Tarewa
5,Tatuanui
9,Tauhara
3,Tauherenikau
8,Taumarumaru
9,Taumarunui Central
10,Taumarunui East
8,Taumarunui North
7,Taungatara
4,Taupaki
6,Taupiri-Lake Kainui
9,Taupo Central-East
7,Taupo Central-West
6,Tauranga Central
8,Tauranga Hospital
7,Tauranga South
5,Taurekaitai
4,Tauriko
6,Tawa Central
5,Tawa North
2,Tawa South
3,Tawharanui Peninsula
6,Te Akau
4,Te Anau
8,Te Arai
8,Te Aroha East
5,Te Aroha West
6,Te Atatu Peninsula Central
4,Te Atatu Peninsula East
5,Te Atatu Peninsula North West
6,Te Atatu Peninsula West
6,Te Atatu South-Central
8,Te Atatu South-Edmonton
7,Te Atatu South-McLeod North
7,Te Atatu South-McLeod South
9,Te Awamutu Central
6,Te Awamutu North
5,Te Awamutu Stadium
7,Te Awamutu West
9,Te Hapara East
7,Te Hapara North
9,Te Hapara South
4,Te Horo
6,Te Kauwhata
6,Te Kawa
3,Te Kowhai
10,Te Kuiti East
9,Te Kuiti West
3,Te Kuru
4,Te Manatu
3,Te Marua
1,Te Mata Hills
7,Te Maunga North
4,Te Maunga South
6,Te More
3,Te Pahu
6,Te Papapa
6,Te Poi
7,Te Puke East
8,Te Puke West
4,Te Puna
1,Te Puru
2,Te Rahu
7,Te Rapa North
9,Te Rapa South
7,Te Reti
5,Te Roti-Moeroa
9,Te Teko Lakes
5,Te Uku
3,Teddington
6,Temple View
2,Templemore
4,Templeton
6,Temuka East
7,Temuka West
8,Terrace End
5,Teviot Valley
9,Thames Central
7,Thames Coast
8,Thames North
8,Thames South
5,The Brook
3,The Gardens (Auckland)
6,The Strand
7,The Wood
4,Thorndon
6,Thornton-Awakeri
5,Three Kings East
6,Three Kings Islands
9,Three Kings West
5,Tihiotonga-Whakarewarewa
9,Tikipunga North
8,Tikipunga South
5,Tikorangi
9,Timaru Central
9,Timaru East
2,Tindalls-Matakatia
4,Tinwald North
6,Tinwald South
6,Tirau
10,Tiroa
2,Tirohanga
7,Titahi Bay North
8,Titahi Bay South
2,Titirangi South
8,Titoki
8,Toi Toi
9,Tokanui
6,Toko
10,Tokomaru
4,Tokorangi
9,Tokoroa Central
8,Tomoana
7,Tomoana Crossing
3,Torbay
4,Torlesse
5,Totara Heights
5,Totara Park
5,Totara Vale North
5,Totara Vale South
4,Totora-Kopu
6,Towai
7,Tower Junction
5,Travis Wetlands
10,Tremaine
7,Trentham North
7,Trentham South
2,Trents
8,Trident
4,Tuahiwi
7,Tuakau North
4,Tuakau Rural
8,Tuakau South
3,Tuamarina
6,Tuapeka
4,Tui Ridge
8,Turakina
2,Turanga
9,Turangi
8,Turitea
6,Turnbull Thompson Park
7,Turuturu
2,Tuscany Heights
4,Twizel
5,Twyford
5,Unsworth Heights East
3,Unsworth Heights West
8,Upper Aramoho
2,Upper Clutha Valley
5,Upper Hurunui
4,Upper Hutt Central
5,Upper Moutere
3,Upper Plain
9,Upper Riccarton
5,Upper Vogeltown
3,Upper Wairau
8,Upper Whanganui
8,Utuhina
9,Victoria
6,Victoria Park (Auckland)
8,Victory
4,Vipond
4,Vivian East
6,Vivian West
2,Wadestown
6,Waerenga
6,Waharoa-Peria
3,Waiake
3,Waianiwa
3,Waiatarua
8,Waiau
5,Waiheke East
6,Waihemo
5,Waihi Beach-Bowentown
8,Waihi East
8,Waihi North
7,Waihi Rural
9,Waihi South
7,Waihou-Manawaru
3,Waikaka
4,Waikanae Beach
3,Waikanae East
3,Waikanae Park
5,Waikanae West
6,Waikawa (Horowhenua District)
5,Waikawa (Picton)
6,Waikouaiti
2,Waikoukou Valley
8,Waikowhai North
3,Waikowhai South
4,Waikuku
10,Waima Forest
2,Waima-Woodlands Park
1,Waimairi Beach
6,Waimataitai-Maori Hill
8,Waimate East
7,Waimate North
8,Waimate West
2,Waimauku
3,Waimea West
4,Waimumu-Kaiwera
9,Waingarara-Waimana
8,Wainoni
7,Wainui (Whakatane)
3,Wainui-Okitu
4,Wainui-Waiwera
8,Wainuiomata Central
7,Wainuiomata West
3,Waiohewa
8,Waiopehu
4,Waiorohi
7,Waiotahi
7,Waiouru
7,Waipa Valley
4,Waipahihi
7,Waipaoa
6,Waipapa
4,Waipatukahu
7,Waipawa
10,Waipoua Forest
5,Waipu
7,Waipukurau East
8,Waipukurau West
3,Wairakei (Tauranga)
7,Wairakei-Broadlands
6,Wairau Valley (Auckland)
10,Wairoa
7,Waitaha
8,Waitahanui
4,Waitahora
3,Waitakere
3,Waitakere Ranges North
5,Waitakere Ranges South
10,Waitangirua
9,Waitara East
9,Waitara West
6,Waitarere
1,Waitikiri
7,Waitoa-Ngarua
7,Waitohi (Picton)
6,Waitohi (South Canterbury)
7,Waitohu
2,Waitoki
6,Waiuku Central
6,Waiuku East
7,Waiwhakaiho-Bell Block South
6,Waiwhetu
6,Wakari
1,Wakatipu Basin
3,Wakefield
3,Wakefield Rural
2,Waldronville
4,Wallacetown
7,Wallaceville
8,Waltham
3,Wanaka Central
2,Wanaka North
3,Wanaka Waterfront
2,Wanaka West
5,Warkworth East
4,Warkworth West
6,Warren Park
7,Warwick
6,Washdyke
7,Washington
4,Waterloo East
4,Waterloo West
7,Waterview
6,Watlington
4,Wattle Downs East
10,Wattle Downs North
4,Wattle Downs West
2,Waverley (Dunedin)
6,Welbourn
6,Welcome Bay East
4,Welcome Bay South
7,Welcome Bay West
4,Wellington Botanic Gardens
5,Wellington Central
6,Wellington University
8,Wellsford
9,Wembley Park
10,Wesley East
6,Wesley South
10,Wesley West
8,West End
2,West Eyreton
3,West Harbour Clearwater Cove
3,West Harbour Luckens Point
7,West Harbour West
4,West Lynn
1,West Melton
4,West Otago
4,West Plains-Makarewa
9,Westbrook
4,Western Heights (Auckland)
3,Western Heights (Hamilton)
10,Western Heights (Rotorua)
9,Westgate Central
6,Westgate South
5,Westlake
7,Westland Glaciers-Bruce Bay
3,Westmere North
3,Westmere South-Western Springs
1,Westmorland
3,Weston
7,Westown (New Plymouth)
9,Westport North
5,Westport Rural
8,Westport South
5,Westshore
10,Weymouth East
9,Weymouth North
8,Weymouth South
9,Whakaki
9,Whakapaku
9,Whakarara
3,Whakarongo
8,Whakatane Central
8,Whakatane West
3,Whalers Gate
6,Whangamata
6,Whangamata Rural
9,Whangamomona
9,Whanganui Central
8,Whanganui East-Riverlands
9,Whanganui East-Williams Domain
4,Whangaparoa Central
9,Whangarei Central
8,Whangaruru
6,Whareama
8,Wharekaka
8,Wharenui
3,Wharewaka
8,Whataroa-Harihari
3,Whataupoko East
6,Whataupoko West
3,Whatawhata East
3,Whatawhata West
7,Whau Valley
4,Whenuapai
2,Whitby
1,Whitestone
4,Whitianga North
7,Whitianga South
6,Whitikahu
8,Whitiora
6,Whitney East
6,Whitney West
2,Wigram East
3,Wigram North
3,Wigram South
3,Wigram West
4,Wilkes Park
4,Wilton
4,Winchmore-Wakanui
6,Windsor (Invercargill)
5,Windsor Park
2,Wingatui
5,Winton
10,Wiri East
10,Wiri West
4,Witherlea East
3,Witherlea West
3,Woburn
2,Woodbourne
4,Woodend
6,Woodend-Greenhills (Invercargill)
8,Woodhill-Vinetown
7,Woodlands
2,Woodridge
8,Woodville
8,Woolston East
8,Woolston North
8,Woolston South
8,Woolston West
6,Wyndham-Catlins
2,Wynyard-Viaduct
3,Yaldhurst
9,Yatton Park
5,Yelverton
